sku,title,description,price,stock,image_link,brand,ean,delivery_time
HL-01,"Ronde zwarte siliconen onderzetters - Antislip onderzetters - Geschikt voor bier-, wijnglazen, thuis en in bars - Set van 6 onderzetters","Productomschrijving

Dit product is de ideale aanvulling op uw barglazen en kan eenvoudig worden omgevormd tot een stijlvolle en praktische barmat voor elke barset (ook voor sets met bierglazen).

Onze onderzetters zijn zorgvuldig vervaardigd van niet-giftige siliconen en vormen de perfecte accessoire voor uw bierpullen, bierpullen en 6-delige biertumblersets. Ze zijn uitstekend bestand tegen hitte en vlekken, waardoor ze ideaal zijn als onderzetters voor bars en bier.

Antislip siliconen onderzetters - Onze antislip siliconen onderzetters voorkomen dat vloeistoffen op het oppervlak van de verpakking spatten. Geschikt voor alle drankverpakkingen.
STIJLVOLLE HITTEBESTENDIGE MAT - Onze stijlvolle, hittebestendige onderzetters isoleren effectief tegen hitte en vlekken, waardoor ze ideaal zijn voor thuis of in uw bar.
STIJLVOL, PRAKTISCH, MORSBESTENDIG - Antislip, hittebestendige onderzetters voor mokken, bekers en waterflessen, perfect voor thuis en in de bar.

Deze onderzetters zijn zorgvuldig ontworpen en hebben een antislipbasis en opstaande randen. Zo blijft uw bierviltje thuisbar vrij van morsen en blijven uw bierglazen of bierset op hun plek. Ze zijn ook ideaal als onderzetters voor in de slaapkamer, als bieronderzetters en als flessenonderzetter.

Onze onderzetters zijn uniek en hebben een ideaal formaat (10 cm buitendiameter) zodat ze perfect op verschillende flessen passen. Ze kunnen dienen als effectieve onderzetters en flessenonderzetters voor elke drankverpakking.
Deze veelzijdige rubberen onderzetters voegen een vleugje stijl toe aan uw bar of koffiezaak en zijn perfect als bierviltjes of houtskoolonderzetters. Deze onderzetters zijn een must-have om uw bar en interieur naar een hoger niveau te tillen.",13.9,300,https://stock-cos.mabangerp.com/365615/51MKq2BzqpL_AC_SL1001__1745396081.jpg,Merkloos,6117918650242,6-8 working days
HL-02,"DC Vrouwelijke Soldeerloze DC Header-Connector 12V - 4 Paren DC Jack 5,5mm x 2,1mm Mannelijke Vrouwelijke - 12V DC Power Jack Plug Adapter","Productomschrijving

VEILIGE VERBINDING - De 12V-stekker is voorzien van een verzonken stopcontact, een mannelijke stekker en schroefklemmen van stevig kunststof en metaal. Zorg voor een betrouwbare, stabiele en sterke verbinding.
Inhoud: Set bevat 4 paar DC-adapterstekkers en -aansluitingen, DC-stekker mannelijk en vrouwelijk, Stekkermaat: 5,5 x 2,1 mm.
Compatibel met 12V - De mannelijke en vrouwelijke stroomconnectoren zijn speciaal ontworpen voor 12V-voedingssystemen en voldoen aan de verbindingsvereisten van diverse elektronische apparaten. Dankzij de juiste afmetingen en de compatibiliteit met 12 V-voedingssystemen zijn deze stekkers de ideale oplossing om een ??betrouwbare en stabiele verbinding te garanderen.
EENVOUDIGE INSTALLATIE - De 12V DC-voedingsaansluiting is plug-and-play, eenvoudig aan te sluiten, naadloos vast te draaien en eenvoudig te installeren met een kleine schroevendraaier. De stekker zorgt voor een goede verbinding en goede prestaties.
VEEL GEBRUIKT - De mannelijke en vrouwelijke 12V-connectoren kunnen worden gebruikt in CCTV-camera's, DVR-beveiligingssystemen, printers, sensoren, displays, LED-lichtstrips en andere DC 12V-apparaten en vele andere doe-het-zelfprojecten.

1,12V DC-voedingsconnectoradapter, 2-pins mannelijke stekker en vrouwelijke socket-assemblage.
2. Binnendiameter: 2,1 mm, buitendiameter: 5,5 mm.
3. Tijdens de installatie is lassen, splitsen of krimpen niet nodig. Het enige dat u nodig hebt, is een kleine schroevendraaier.
4. Eenvoudige en professionele stroombedrading. Eenvoudigere installatie, tijdsbesparing en veiligere kabelverbindingen.
5. Toepassingsgebied: gebruikt voor bewakingscamera's, DVR's, LED-lichtstrips, enz.",9.8,300,https://stock-cos.mabangerp.com/365615/61B-xidR6AL_AC_SL1500__1745397451.jpg,Merkloos,6117918650259,6-8 working days
HL-03,Dames schoudertas - touwtas dames schoudertas boodschappentas - dames handtas - touwtas,"Productomschrijving

Modetas - de bekleding is van corduroy, van uitstekende kwaliteit, draagbaar en modieus, uniek en veelzijdig. Geschikt voor verschillende kledingstijlen en seizoenen, waardoor u er mooier uitziet. Stijlvolle, schattige en mooie tas! !
Grote capaciteit - De corduroy schoudertas is groot genoeg om al uw dagelijkse benodigdheden in op te bergen. Je kunt er met gemak een 15,4 inch laptop, Kindle, iPad, mobiele telefoon, flipover, boeken, tijdschriften, paspoort, sleutels, portemonnee, potloden, opladers, pasjes, A4-papier, waterfles, parfum, cosmetica, zonnebril, etc. in kwijt.

Afmetingen: 43 cm*14 cm*39 cm (vanwege verschillende meetmethoden is een fout van 1-2 cm normaal, raadpleeg het daadwerkelijke product!)
Stof: Corduroy
Gewicht: 400 g
Verpakking: zachte verpakking, platte verpakking.

Antidiefstalstructuur: 1 hoofdvak met rits om te voorkomen dat spullen, sleutels enz. uit de grote tas vallen. Gemakkelijk te organiseren en te vinden, praktisch en handig.

MULTIFUNCTIONEEL - De corduroy portemonnee is opvouwbaar en ideaal voor meisjes om te gebruiken als schoudertas, boodschappentas, schooltas, reistas, picknicktas, kampeertas, vakantietas, dagelijkse tas of als cadeau.

VEELZIJDIGE STIJL - Deze tas is geschikt voor verschillende kledingstijlen en gelegenheden. Dankzij de grote inhoud en de volledig afsluitbare sluiting is deze tas een veilige plek om uw spullen in op te bergen zonder dat u bang hoeft te zijn dat u ze kwijtraakt.",22.9,300,https://stock-cos.mabangerp.com/365615/O1CN01iMeyjM1OSTlQYnVyx_%21%212378481704-0-cib_1745398374.jpg,Merkloos,6117918650266,6-8 working days
HL-04,Zwarte wandel-koerierstas - Waterdichte schoudertas - Koerierstas - Buitensport-koerierstas - Reizen voor mannen en vrouwen,"Productomschrijving

WATERDICHT - De schoudertas is aan de buitenkant gemaakt van de nieuwste Oxford-stof en aan de binnenkant van sterk en duurzaam polyester. Hierdoor is de rugzak lichter en stabieler. Het is de moeite waard om te vermelden dat de Oxford-stof deze schoudertas een strakke, stijlvolle en georganiseerde uitstraling geeft en tegelijkertijd voorkomt dat vloeistoffen in de rugzak spatten en de spullen nat worden.
Grote capaciteit - De schoudertas heeft compartimenten en verborgen veiligheidszakken, waarin u gemakkelijk diverse spullen kunt opbergen. Genoeg ruimte voor powerbanks, cosmetica, zakdoeken, ID-kaarten, mobiele telefoons, sleutels, paspoorten, koptelefoons, enz. Tegelijkertijd ziet de uitstraling er stijlvol en strak uit, kan hij worden gecombineerd met alle kleding en accessoires en is hij zeer comfortabel om te dragen.
Multifunctionele rugzak, mini-crossbodytas, borsttas - Deze schoudertas kan worden gebruikt als borsttas, crossbodytas, schoudertas en reistas, geschikt voor buiten, op kantoor, tijdens een dagje uit, op reis, bij het winkelen, op school, op feestjes en op vele andere plaatsen. Comfortabel om te dragen, u kunt het kruislings over uw borst dragen om dieven af ??te schrikken en tegelijkertijd uw handen vrij houden, ideaal om onderweg te dragen.
Verstelbaar ontwerp - De heupband van deze kleine rugzak kan naar wens worden aangepast aan de maat. Verstelbare schouderbandlengte: 60-110 cm. Mensen met verschillende lichaamsvormen kunnen de lengte aanpassen naar een voor hen geschikte lengte. Het binnenvak is ontworpen voor dagelijks gebruik en de schouderband is groot genoeg voor telefoons met een scherm kleiner dan 7 inch.
Breed scala aan toepassingen - De borsttas is geschikt voor zowel mannen als vrouwen. Ideaal voor werk, winkelen, zakenreizen en dagelijks gebruik. Veelzijdig: U kunt de tas meenemen tijdens buitenactiviteiten zoals hardlopen, fietsen, kamperen, wandelen, ontspannen, etc.",14.9,300,https://stock-cos.mabangerp.com/365615/51juAZecRsL_1745399821.jpg,Merkloos,6117918650273,6-8 working days
HL-05,Digitale wekker met RGB-verlichting - Digitale klok met 2 alarmen - LED-bureauklok met spraakbediening - Snooze-functie met helderheidsregelaar,"Productomschrijving

RGB digitale wekker voor de slaapkamer
Ideale cadeaukeuze
De digitale wekker voor de slaapkamer kan niet alleen gebruikt worden als kinderwekker, nachtlampje of decoratie voor in de slaapkamer, maar is ook een geweldig cadeau voor een verjaardag, Kerstmis, Nieuwjaar of de eerste schooldag.

Dynamische RGB-tijdweergave
Dynamisch RGB-sfeerlicht
30%-100% helderheidsdimmer
Spraakgestuurde alarmfunctie
Snooze-functie
Batterij back-up functie

Dynamisch RGB-kleurveranderend display en sfeerverlichting
Deze luide wekker beschikt over een nachtlampje met 7 kleuren en een digitaal display met 8 kleuren en instelbare helderheid.
Dankzij het dimbare RGB-display en het nachtlampje kunt u de helderheid naar wens instellen. Dit is een geweldig cadeau voor kinderen.

De volgorde van de kleurverandering van de tijdweergave is: wit, rood, groen, blauw. RGB-kleurverandering: willekeurige kleur. RGB vloeiend van links naar rechts. RGB vloeiend van boven naar beneden.

De volgorde van de kleurverandering van het sfeerlicht is: warm wit, rood, groen, blauw, paars, RGB-veranderende regenboog.
LED-wekker met 2 alarmen die op verschillende tijden kunnen worden ingesteld
Dit digitale RGB-horloge biedt u de keuze uit twee alarmen, zodat u verschillende opties kunt instellen voor uw dagelijkse leven.",23.66,300,https://stock-cos.mabangerp.com/365615/O1CN01a6U2SD2CaTPGCMLdO_%21%212210770668490-0-cib_1745400390.jpg,Merkloos,6117918650280,6-8 working days
